episode,avg_pods,avg_latency,reward,execution_time
1,4.0,10.6006,19.0,2.71
episode,avg_pods,avg_latency,reward,execution_time
2,3.16,43.9812,22.0,2.6
episode,avg_pods,avg_latency,reward,execution_time
3,6.72,5.0768,0.0,2.63
episode,avg_pods,avg_latency,reward,execution_time
4,3.44,35.171,20.0,2.64
episode,avg_pods,avg_latency,reward,execution_time
5,8.72,32236.7322,2.0,2.59
episode,avg_pods,avg_latency,reward,execution_time
6,2.96,0.0631,21.0,2.68
episode,avg_pods,avg_latency,reward,execution_time
7,3.72,35.1485,30.0,2.59
episode,avg_pods,avg_latency,reward,execution_time
8,3.44,17.6146,25.0,2.64
episode,avg_pods,avg_latency,reward,execution_time
9,3.44,63.2783,29.0,2.62
episode,avg_pods,avg_latency,reward,execution_time
10,3.16,8.8582,24.0,2.64
episode,avg_pods,avg_latency,reward,execution_time
11,3.4,8327.848,19.0,2.63
episode,avg_pods,avg_latency,reward,execution_time
12,5.68,1137632.6574,12.0,2.65
episode,avg_pods,avg_latency,reward,execution_time
13,3.2,19.3712,16.0,2.64
episode,avg_pods,avg_latency,reward,execution_time
14,6.4,8.1268,-39.0,2.63
episode,avg_pods,avg_latency,reward,execution_time
15,2.68,8.8574,10.0,2.65
episode,avg_pods,avg_latency,reward,execution_time
16,2.92,8.8335,17.0,2.67
episode,avg_pods,avg_latency,reward,execution_time
17,6.28,3.8027,-2.0,2.66
episode,avg_pods,avg_latency,reward,execution_time
18,6.12,7.5891,-6.0,2.84
episode,avg_pods,avg_latency,reward,execution_time
19,4.24,45.7125,16.0,2.97
episode,avg_pods,avg_latency,reward,execution_time
20,3.08,8.8416,17.0,2.77
episode,avg_pods,avg_latency,reward,execution_time
21,7.16,4.6274,-30.0,2.91
episode,avg_pods,avg_latency,reward,execution_time
22,3.32,61.5105,11.0,2.76
episode,avg_pods,avg_latency,reward,execution_time
23,3.68,26.3802,33.0,2.76
episode,avg_pods,avg_latency,reward,execution_time
24,7.92,0.011,8.0,2.77
episode,avg_pods,avg_latency,reward,execution_time
25,3.88,70.2846,30.0,3.01
episode,avg_pods,avg_latency,reward,execution_time
26,3.28,17.5923,14.0,2.8
episode,avg_pods,avg_latency,reward,execution_time
27,7.56,2.7226,-37.0,2.9
episode,avg_pods,avg_latency,reward,execution_time
28,6.76,2.8304,-14.0,2.88
episode,avg_pods,avg_latency,reward,execution_time
29,7.4,5.4281,-9.0,2.84
episode,avg_pods,avg_latency,reward,execution_time
30,2.68,17.6262,19.0,2.83
episode,avg_pods,avg_latency,reward,execution_time
31,3.44,33914.4488,25.0,3.01
episode,avg_pods,avg_latency,reward,execution_time
32,3.96,35.1544,19.0,2.94
episode,avg_pods,avg_latency,reward,execution_time
33,4.36,26.3919,25.0,2.9
episode,avg_pods,avg_latency,reward,execution_time
34,3.96,45.8138,15.0,3.02
episode,avg_pods,avg_latency,reward,execution_time
35,4.12,35.3311,43.0,2.96
episode,avg_pods,avg_latency,reward,execution_time
36,8.4,0.5752,-20.0,2.87
episode,avg_pods,avg_latency,reward,execution_time
37,4.64,36.9126,7.0,2.91
episode,avg_pods,avg_latency,reward,execution_time
38,8.24,0.0197,-19.0,3.11
episode,avg_pods,avg_latency,reward,execution_time
39,7.44,1674657.5356,9.0,2.86
episode,avg_pods,avg_latency,reward,execution_time
40,3.48,19.3868,25.0,2.89
episode,avg_pods,avg_latency,reward,execution_time
41,5.56,407094.7421,16.0,2.93
episode,avg_pods,avg_latency,reward,execution_time
42,3.92,29.9066,20.0,2.79
episode,avg_pods,avg_latency,reward,execution_time
43,11.6,2.4898,-19.0,2.87
episode,avg_pods,avg_latency,reward,execution_time
44,3.16,26.3988,24.0,2.85
episode,avg_pods,avg_latency,reward,execution_time
45,9.36,0.0154,1.0,2.83
episode,avg_pods,avg_latency,reward,execution_time
46,10.28,0.4928,-6.0,2.85
episode,avg_pods,avg_latency,reward,execution_time
47,7.04,43.3748,0.0,2.89
episode,avg_pods,avg_latency,reward,execution_time
48,2.72,8.8942,20.0,2.81
episode,avg_pods,avg_latency,reward,execution_time
49,5.92,8.1268,-4.0,2.78
episode,avg_pods,avg_latency,reward,execution_time
50,8.76,360166.613,2.0,2.81
episode,avg_pods,avg_latency,reward,execution_time
51,7.4,798389.1559,8.0,2.8
episode,avg_pods,avg_latency,reward,execution_time
52,3.8,43.9617,28.0,2.84
episode,avg_pods,avg_latency,reward,execution_time
53,3.52,35.1703,30.0,2.82
episode,avg_pods,avg_latency,reward,execution_time
54,6.76,4.8897,-13.0,2.79
episode,avg_pods,avg_latency,reward,execution_time
55,6.96,0.2979,-1.0,2.83
episode,avg_pods,avg_latency,reward,execution_time
56,4.72,20.2004,-3.0,2.85
episode,avg_pods,avg_latency,reward,execution_time
57,5.8,56.2408,27.0,3.13
episode,avg_pods,avg_latency,reward,execution_time
58,3.76,22.8851,22.0,2.92
episode,avg_pods,avg_latency,reward,execution_time
59,3.2,43.9762,31.0,2.89
episode,avg_pods,avg_latency,reward,execution_time
60,3.4,0.0588,28.0,2.92
episode,avg_pods,avg_latency,reward,execution_time
61,4.28,35.1485,32.0,3.01
episode,avg_pods,avg_latency,reward,execution_time
62,4.08,79.067,35.0,2.95
episode,avg_pods,avg_latency,reward,execution_time
63,3.84,17.6105,12.0,3.01
episode,avg_pods,avg_latency,reward,execution_time
64,9.04,120043.0085,5.0,2.88
episode,avg_pods,avg_latency,reward,execution_time
65,10.0,4861.226,-12.0,3.0
episode,avg_pods,avg_latency,reward,execution_time
66,3.72,79.0939,43.0,3.07
episode,avg_pods,avg_latency,reward,execution_time
67,4.6,10.9608,15.0,3.0
episode,avg_pods,avg_latency,reward,execution_time
68,7.12,579046.7057,6.0,2.96
episode,avg_pods,avg_latency,reward,execution_time
69,3.64,52.8299,31.0,2.97
episode,avg_pods,avg_latency,reward,execution_time
70,8.2,0.0138,-13.0,2.99
episode,avg_pods,avg_latency,reward,execution_time
71,7.2,18.9859,1.0,2.91
episode,avg_pods,avg_latency,reward,execution_time
72,11.48,626.2793,3.0,2.95
episode,avg_pods,avg_latency,reward,execution_time
73,8.4,0.3547,-3.0,2.98
episode,avg_pods,avg_latency,reward,execution_time
74,3.96,98.3969,35.0,2.94
episode,avg_pods,avg_latency,reward,execution_time
75,3.2,26.3969,21.0,2.96
episode,avg_pods,avg_latency,reward,execution_time
76,6.88,2.7174,1.0,3.19
episode,avg_pods,avg_latency,reward,execution_time
77,11.88,6.1938,0.0,3.14
episode,avg_pods,avg_latency,reward,execution_time
78,6.28,3.801,0.0,3.28
episode,avg_pods,avg_latency,reward,execution_time
79,3.64,26.4149,12.0,2.97
episode,avg_pods,avg_latency,reward,execution_time
80,3.32,52.7534,28.0,2.92
episode,avg_pods,avg_latency,reward,execution_time
81,10.04,1.9,-1.0,3.07
episode,avg_pods,avg_latency,reward,execution_time
82,6.36,3.4816,8.0,2.91
episode,avg_pods,avg_latency,reward,execution_time
83,3.36,8.9223,25.0,2.94
episode,avg_pods,avg_latency,reward,execution_time
84,7.68,955071.1304,11.0,3.72
episode,avg_pods,avg_latency,reward,execution_time
85,3.92,26.3649,33.0,3.22
episode,avg_pods,avg_latency,reward,execution_time
86,7.84,0.836,3.0,2.94
episode,avg_pods,avg_latency,reward,execution_time
87,3.24,43.965,27.0,2.98
episode,avg_pods,avg_latency,reward,execution_time
88,3.68,70.2829,5.0,2.97
episode,avg_pods,avg_latency,reward,execution_time
89,3.64,54.4833,15.0,2.99
episode,avg_pods,avg_latency,reward,execution_time
90,4.4,52.7152,31.0,2.93
episode,avg_pods,avg_latency,reward,execution_time
91,3.48,35.2277,23.0,2.94
episode,avg_pods,avg_latency,reward,execution_time
92,6.44,4.397,4.0,3.03
episode,avg_pods,avg_latency,reward,execution_time
93,3.56,87.8556,34.0,2.99
episode,avg_pods,avg_latency,reward,execution_time
94,3.28,43.9749,18.0,3.02
episode,avg_pods,avg_latency,reward,execution_time
95,3.52,52.7323,22.0,2.93
episode,avg_pods,avg_latency,reward,execution_time
96,3.4,79.078,37.0,3.15
episode,avg_pods,avg_latency,reward,execution_time
97,3.92,8.9177,21.0,2.97
episode,avg_pods,avg_latency,reward,execution_time
98,5.92,719572.7016,8.0,2.97
episode,avg_pods,avg_latency,reward,execution_time
99,6.84,1158265.7614,11.0,2.99
episode,avg_pods,avg_latency,reward,execution_time
100,9.52,420.981,2.0,2.93
episode,avg_pods,avg_latency,reward,execution_time
101,3.6,43.9533,31.0,2.98
episode,avg_pods,avg_latency,reward,execution_time
102,3.32,79.0979,31.0,2.98
episode,avg_pods,avg_latency,reward,execution_time
103,3.56,26.3652,36.0,3.05
episode,avg_pods,avg_latency,reward,execution_time
104,3.08,35.1925,23.0,3.02
episode,avg_pods,avg_latency,reward,execution_time
105,6.8,579047.7569,4.0,3.01
episode,avg_pods,avg_latency,reward,execution_time
106,3.92,43.9492,23.0,2.99
episode,avg_pods,avg_latency,reward,execution_time
107,3.72,35.1594,28.0,2.92
episode,avg_pods,avg_latency,reward,execution_time
108,5.8,26.5879,20.0,2.95
episode,avg_pods,avg_latency,reward,execution_time
109,3.24,0.0682,21.0,2.9
episode,avg_pods,avg_latency,reward,execution_time
110,3.84,26.3887,23.0,2.98
episode,avg_pods,avg_latency,reward,execution_time
111,3.4,8.9378,24.0,2.96
episode,avg_pods,avg_latency,reward,execution_time
112,6.4,4.6756,7.0,2.98
episode,avg_pods,avg_latency,reward,execution_time
113,3.52,28.1651,25.0,3.1
episode,avg_pods,avg_latency,reward,execution_time
114,6.4,0.032,-12.0,2.93
episode,avg_pods,avg_latency,reward,execution_time
115,7.04,1.6376,3.0,2.94
episode,avg_pods,avg_latency,reward,execution_time
116,11.96,9.0792,2.0,3.13
episode,avg_pods,avg_latency,reward,execution_time
117,3.76,52.7216,6.0,3.37
episode,avg_pods,avg_latency,reward,execution_time
118,3.68,54.5053,31.0,3.47
episode,avg_pods,avg_latency,reward,execution_time
119,4.32,52.7338,22.0,3.07
episode,avg_pods,avg_latency,reward,execution_time
120,4.36,45.6896,30.0,3.15
episode,avg_pods,avg_latency,reward,execution_time
121,5.04,54.4781,25.0,3.08
episode,avg_pods,avg_latency,reward,execution_time
122,4.6,45.7999,21.0,2.99
episode,avg_pods,avg_latency,reward,execution_time
123,4.44,26.7298,29.0,3.01
episode,avg_pods,avg_latency,reward,execution_time
124,8.84,38.5162,0.0,3.23
episode,avg_pods,avg_latency,reward,execution_time
125,7.2,2.7184,2.0,3.03
episode,avg_pods,avg_latency,reward,execution_time
126,3.68,70.3006,27.0,3.05
episode,avg_pods,avg_latency,reward,execution_time
127,4.0,26.3882,22.0,3.85
episode,avg_pods,avg_latency,reward,execution_time
128,3.56,35.1588,31.0,3.05
episode,avg_pods,avg_latency,reward,execution_time
129,7.88,0.0259,5.0,2.99
episode,avg_pods,avg_latency,reward,execution_time
130,6.92,2.7243,5.0,3.04
episode,avg_pods,avg_latency,reward,execution_time
131,12.24,901.7997,-13.0,3.01
episode,avg_pods,avg_latency,reward,execution_time
132,8.64,76.4451,0.0,3.09
episode,avg_pods,avg_latency,reward,execution_time
133,4.56,44.2523,26.0,3.05
episode,avg_pods,avg_latency,reward,execution_time
134,5.0,37.054,23.0,3.14
episode,avg_pods,avg_latency,reward,execution_time
135,11.04,2104.8275,-3.0,3.0
episode,avg_pods,avg_latency,reward,execution_time
136,5.24,22.8503,26.0,3.33
episode,avg_pods,avg_latency,reward,execution_time
137,4.0,45.9008,29.0,3.07
episode,avg_pods,avg_latency,reward,execution_time
138,7.04,10.5555,14.0,3.18
episode,avg_pods,avg_latency,reward,execution_time
139,7.32,1038306.2739,9.0,3.24
episode,avg_pods,avg_latency,reward,execution_time
140,8.88,0.5812,2.0,3.09
episode,avg_pods,avg_latency,reward,execution_time
141,3.92,35.2454,27.0,3.16
episode,avg_pods,avg_latency,reward,execution_time
142,3.84,61.6077,26.0,3.09
episode,avg_pods,avg_latency,reward,execution_time
143,3.68,79.1692,31.0,3.07
episode,avg_pods,avg_latency,reward,execution_time
144,9.88,11.7873,-1.0,3.3
episode,avg_pods,avg_latency,reward,execution_time
145,9.52,1262.8655,-7.0,3.12
episode,avg_pods,avg_latency,reward,execution_time
146,9.64,497.9663,0.0,3.08
episode,avg_pods,avg_latency,reward,execution_time
147,8.2,0.2929,0.0,3.16
episode,avg_pods,avg_latency,reward,execution_time
148,3.84,35.1758,21.0,3.09
episode,avg_pods,avg_latency,reward,execution_time
149,6.44,2.72,5.0,3.08
episode,avg_pods,avg_latency,reward,execution_time
150,6.68,10.5788,24.0,3.14
episode,avg_pods,avg_latency,reward,execution_time
151,11.96,0.7798,0.0,3.1
episode,avg_pods,avg_latency,reward,execution_time
152,9.8,720333.2824,1.0,3.09
episode,avg_pods,avg_latency,reward,execution_time
153,4.48,54.4881,27.0,3.08
episode,avg_pods,avg_latency,reward,execution_time
154,11.08,5756.2339,-2.0,3.09
episode,avg_pods,avg_latency,reward,execution_time
155,6.44,17.226,16.0,3.37
episode,avg_pods,avg_latency,reward,execution_time
156,7.36,21.6283,13.0,3.18
episode,avg_pods,avg_latency,reward,execution_time
157,3.88,63.2556,28.0,3.08
episode,avg_pods,avg_latency,reward,execution_time
158,3.52,35.2671,30.0,3.19
episode,avg_pods,avg_latency,reward,execution_time
159,3.76,52.8252,32.0,3.01
episode,avg_pods,avg_latency,reward,execution_time
160,3.72,17.6268,26.0,3.07
episode,avg_pods,avg_latency,reward,execution_time
161,3.72,35.1715,23.0,3.15
episode,avg_pods,avg_latency,reward,execution_time
162,3.28,26.4934,20.0,3.04
episode,avg_pods,avg_latency,reward,execution_time
163,5.0,29.9818,30.0,3.12
episode,avg_pods,avg_latency,reward,execution_time
164,7.12,1.8042,3.0,3.04
episode,avg_pods,avg_latency,reward,execution_time
165,3.48,52.819,30.0,3.1
episode,avg_pods,avg_latency,reward,execution_time
166,2.96,26.4257,27.0,3.02
episode,avg_pods,avg_latency,reward,execution_time
167,6.2,4.5348,8.0,3.06
episode,avg_pods,avg_latency,reward,execution_time
168,3.48,44.095,27.0,3.3
episode,avg_pods,avg_latency,reward,execution_time
169,5.88,6.0195,9.0,3.15
episode,avg_pods,avg_latency,reward,execution_time
170,3.2,26.4097,23.0,3.04
episode,avg_pods,avg_latency,reward,execution_time
171,3.24,17.6198,26.0,3.04
episode,avg_pods,avg_latency,reward,execution_time
172,6.28,4.6216,6.0,3.06
episode,avg_pods,avg_latency,reward,execution_time
173,2.88,17.6528,22.0,3.04
episode,avg_pods,avg_latency,reward,execution_time
174,4.16,17.7036,17.0,3.22
episode,avg_pods,avg_latency,reward,execution_time
175,3.0,43.9884,22.0,3.29
episode,avg_pods,avg_latency,reward,execution_time
176,3.08,10.6001,22.0,3.15
episode,avg_pods,avg_latency,reward,execution_time
177,3.16,35.1916,23.0,3.14
episode,avg_pods,avg_latency,reward,execution_time
178,3.24,35.2086,23.0,3.12
episode,avg_pods,avg_latency,reward,execution_time
179,3.24,35.2218,22.0,3.17
episode,avg_pods,avg_latency,reward,execution_time
180,2.96,26.4035,21.0,3.15
episode,avg_pods,avg_latency,reward,execution_time
181,5.44,8336.6213,25.0,3.27
episode,avg_pods,avg_latency,reward,execution_time
182,5.72,6.6962,8.0,3.14
episode,avg_pods,avg_latency,reward,execution_time
183,3.6,43.931,28.0,3.17
episode,avg_pods,avg_latency,reward,execution_time
184,5.04,17.6207,22.0,3.15
episode,avg_pods,avg_latency,reward,execution_time
185,7.8,0.5737,0.0,3.25
episode,avg_pods,avg_latency,reward,execution_time
186,7.84,38.2319,2.0,3.23
episode,avg_pods,avg_latency,reward,execution_time
187,8.84,459.1868,0.0,3.18
episode,avg_pods,avg_latency,reward,execution_time
188,7.16,0.1254,3.0,3.16
episode,avg_pods,avg_latency,reward,execution_time
189,13.64,360089.7173,-1.0,3.15
episode,avg_pods,avg_latency,reward,execution_time
190,6.96,120015.4051,20.0,3.21
episode,avg_pods,avg_latency,reward,execution_time
191,3.84,44.1423,30.0,3.24
episode,avg_pods,avg_latency,reward,execution_time
192,4.28,11.0415,28.0,3.26
episode,avg_pods,avg_latency,reward,execution_time
193,6.32,12.4829,23.0,3.19
episode,avg_pods,avg_latency,reward,execution_time
194,3.32,35.1807,26.0,3.18
episode,avg_pods,avg_latency,reward,execution_time
195,7.96,0.3531,0.0,3.43
episode,avg_pods,avg_latency,reward,execution_time
196,3.64,17.8903,30.0,3.26
episode,avg_pods,avg_latency,reward,execution_time
197,5.96,5.4802,10.0,3.17
episode,avg_pods,avg_latency,reward,execution_time
198,6.84,0.016,-5.0,3.16
episode,avg_pods,avg_latency,reward,execution_time
199,3.84,61.8195,26.0,3.29
episode,avg_pods,avg_latency,reward,execution_time
200,3.96,31.668,25.0,3.21
episode,avg_pods,avg_latency,reward,execution_time
201,4.04,19.5321,23.0,3.34
episode,avg_pods,avg_latency,reward,execution_time
202,7.56,8.9292,18.0,3.19
episode,avg_pods,avg_latency,reward,execution_time
203,7.4,529219.1308,3.0,3.26
episode,avg_pods,avg_latency,reward,execution_time
204,6.6,2.5357,4.0,3.31
episode,avg_pods,avg_latency,reward,execution_time
205,3.08,43.9468,38.0,3.25
episode,avg_pods,avg_latency,reward,execution_time
206,4.76,28.8281,25.0,3.32
episode,avg_pods,avg_latency,reward,execution_time
207,9.0,422.6266,1.0,3.23
episode,avg_pods,avg_latency,reward,execution_time
208,4.0,44.2237,32.0,3.33
episode,avg_pods,avg_latency,reward,execution_time
209,3.32,52.7489,34.0,3.24
episode,avg_pods,avg_latency,reward,execution_time
210,4.12,63.2545,32.0,3.3
episode,avg_pods,avg_latency,reward,execution_time
211,8.2,38.2326,0.0,3.27
episode,avg_pods,avg_latency,reward,execution_time
212,4.28,35.1755,28.0,3.23
episode,avg_pods,avg_latency,reward,execution_time
213,3.04,17.8094,26.0,3.17
episode,avg_pods,avg_latency,reward,execution_time
214,3.2,17.6014,19.0,3.44
episode,avg_pods,avg_latency,reward,execution_time
215,4.0,17.5807,28.0,3.23
episode,avg_pods,avg_latency,reward,execution_time
216,3.56,35.3491,22.0,3.26
episode,avg_pods,avg_latency,reward,execution_time
217,3.44,43.93,32.0,3.27
episode,avg_pods,avg_latency,reward,execution_time
218,11.92,119081.2898,2.0,3.28
episode,avg_pods,avg_latency,reward,execution_time
219,3.76,19.4525,25.0,3.26
episode,avg_pods,avg_latency,reward,execution_time
220,10.24,842.2131,0.0,3.32
episode,avg_pods,avg_latency,reward,execution_time
221,8.04,364637.339,4.0,3.36
episode,avg_pods,avg_latency,reward,execution_time
222,3.28,61.6478,30.0,3.27
episode,avg_pods,avg_latency,reward,execution_time
223,8.44,0.3023,2.0,3.51
episode,avg_pods,avg_latency,reward,execution_time
224,8.88,421.5253,2.0,3.33
episode,avg_pods,avg_latency,reward,execution_time
225,3.28,52.7662,24.0,3.32
episode,avg_pods,avg_latency,reward,execution_time
226,4.44,73.9904,29.0,3.33
episode,avg_pods,avg_latency,reward,execution_time
227,5.48,10.7178,26.0,3.22
episode,avg_pods,avg_latency,reward,execution_time
228,9.12,120856.676,3.0,3.22
episode,avg_pods,avg_latency,reward,execution_time
229,4.84,17.7831,24.0,3.26
episode,avg_pods,avg_latency,reward,execution_time
230,4.04,72.879,29.0,3.29
episode,avg_pods,avg_latency,reward,execution_time
231,4.24,66.9629,29.0,3.35
episode,avg_pods,avg_latency,reward,execution_time
232,3.84,63.364,31.0,3.31
episode,avg_pods,avg_latency,reward,execution_time
233,3.96,35.1649,29.0,3.33
episode,avg_pods,avg_latency,reward,execution_time
234,5.44,120084.5033,26.0,3.52
episode,avg_pods,avg_latency,reward,execution_time
235,7.72,0.636,3.0,3.47
episode,avg_pods,avg_latency,reward,execution_time
236,4.24,28.1271,25.0,3.31
episode,avg_pods,avg_latency,reward,execution_time
237,7.6,0.0139,2.0,3.38
episode,avg_pods,avg_latency,reward,execution_time
238,5.52,1.8672,27.0,3.39
episode,avg_pods,avg_latency,reward,execution_time
239,9.64,4861.2908,1.0,3.4
episode,avg_pods,avg_latency,reward,execution_time
240,6.52,8.975,18.0,3.4
episode,avg_pods,avg_latency,reward,execution_time
241,6.68,18.9244,18.0,3.43
episode,avg_pods,avg_latency,reward,execution_time
242,3.6,26.5842,28.0,3.42
episode,avg_pods,avg_latency,reward,execution_time
243,3.68,44.058,26.0,3.35
episode,avg_pods,avg_latency,reward,execution_time
244,7.6,0.0678,0.0,3.4
episode,avg_pods,avg_latency,reward,execution_time
245,5.88,35.317,21.0,3.47
episode,avg_pods,avg_latency,reward,execution_time
246,3.68,28.3484,29.0,3.42
episode,avg_pods,avg_latency,reward,execution_time
247,3.76,35.4952,24.0,5.68
episode,avg_pods,avg_latency,reward,execution_time
248,9.56,357243.8607,4.0,3.83
episode,avg_pods,avg_latency,reward,execution_time
249,3.28,17.7554,22.0,3.38
episode,avg_pods,avg_latency,reward,execution_time
250,6.88,1716852.3531,9.0,3.47
episode,avg_pods,avg_latency,reward,execution_time
251,3.4,52.7594,29.0,3.39
episode,avg_pods,avg_latency,reward,execution_time
252,7.96,39.243,2.0,3.47
episode,avg_pods,avg_latency,reward,execution_time
253,3.72,17.6207,21.0,3.57
episode,avg_pods,avg_latency,reward,execution_time
254,4.4,54.6834,23.0,3.73
episode,avg_pods,avg_latency,reward,execution_time
255,4.76,120061.1311,24.0,3.4
episode,avg_pods,avg_latency,reward,execution_time
256,6.0,1084095.4769,5.0,3.42
episode,avg_pods,avg_latency,reward,execution_time
257,5.64,33890.2245,22.0,3.51
episode,avg_pods,avg_latency,reward,execution_time
258,3.92,70.3044,30.0,3.54
episode,avg_pods,avg_latency,reward,execution_time
259,7.44,7.9097,-4.0,3.45
episode,avg_pods,avg_latency,reward,execution_time
260,3.68,45.9275,26.0,3.47
episode,avg_pods,avg_latency,reward,execution_time
261,3.08,26.5174,26.0,3.52
episode,avg_pods,avg_latency,reward,execution_time
262,3.28,35.2091,25.0,3.48
episode,avg_pods,avg_latency,reward,execution_time
263,8.32,38.9455,2.0,3.59
episode,avg_pods,avg_latency,reward,execution_time
264,7.0,1.0892,1.0,3.59
episode,avg_pods,avg_latency,reward,execution_time
265,6.24,527106.4747,13.0,3.43
episode,avg_pods,avg_latency,reward,execution_time
266,2.96,35.17,18.0,3.39
episode,avg_pods,avg_latency,reward,execution_time
267,3.6,35.3642,35.0,3.45
episode,avg_pods,avg_latency,reward,execution_time
268,6.04,1079313.6761,8.0,3.49
episode,avg_pods,avg_latency,reward,execution_time
269,4.68,8.8168,23.0,3.61
episode,avg_pods,avg_latency,reward,execution_time
270,5.48,19.4006,20.0,3.49
episode,avg_pods,avg_latency,reward,execution_time
271,10.12,1722.0321,1.0,3.57
episode,avg_pods,avg_latency,reward,execution_time
272,7.76,120019.3653,16.0,3.46
episode,avg_pods,avg_latency,reward,execution_time
273,4.08,63.4681,28.0,4.17
episode,avg_pods,avg_latency,reward,execution_time
274,5.48,13.6957,22.0,4.08
episode,avg_pods,avg_latency,reward,execution_time
275,3.88,52.9101,30.0,3.55
episode,avg_pods,avg_latency,reward,execution_time
276,3.24,61.5254,30.0,3.41
episode,avg_pods,avg_latency,reward,execution_time
277,3.88,44.2411,24.0,3.57
episode,avg_pods,avg_latency,reward,execution_time
278,4.48,45.7016,23.0,3.46
episode,avg_pods,avg_latency,reward,execution_time
279,3.08,26.4138,24.0,3.43
episode,avg_pods,avg_latency,reward,execution_time
280,8.48,32236.7347,-3.0,4.14
episode,avg_pods,avg_latency,reward,execution_time
281,9.16,42.9774,-3.0,3.8
episode,avg_pods,avg_latency,reward,execution_time
282,3.56,44.0617,27.0,3.47
episode,avg_pods,avg_latency,reward,execution_time
283,3.36,54.5114,28.0,3.45
episode,avg_pods,avg_latency,reward,execution_time
284,5.72,907159.3378,22.0,3.45
episode,avg_pods,avg_latency,reward,execution_time
285,7.56,579277.8538,11.0,3.69
episode,avg_pods,avg_latency,reward,execution_time
286,3.12,17.6419,26.0,3.71
episode,avg_pods,avg_latency,reward,execution_time
287,3.16,26.3636,29.0,3.62
episode,avg_pods,avg_latency,reward,execution_time
288,6.6,1956651.4433,11.0,3.68
episode,avg_pods,avg_latency,reward,execution_time
289,3.24,52.7714,30.0,3.63
episode,avg_pods,avg_latency,reward,execution_time
290,6.16,3.9688,9.0,3.6
episode,avg_pods,avg_latency,reward,execution_time
291,4.0,35.2852,21.0,3.8
episode,avg_pods,avg_latency,reward,execution_time
292,3.52,19.4549,24.0,3.72
episode,avg_pods,avg_latency,reward,execution_time
293,3.4,35.1913,28.0,3.86
episode,avg_pods,avg_latency,reward,execution_time
294,8.64,421.796,-1.0,3.58
episode,avg_pods,avg_latency,reward,execution_time
295,4.68,27.0656,25.0,3.57
episode,avg_pods,avg_latency,reward,execution_time
296,3.6,70.4491,32.0,3.57
episode,avg_pods,avg_latency,reward,execution_time
297,7.48,0.3501,1.0,3.59
episode,avg_pods,avg_latency,reward,execution_time
298,9.0,460.1157,1.0,3.93
episode,avg_pods,avg_latency,reward,execution_time
299,8.76,32236.7752,3.0,4.43
episode,avg_pods,avg_latency,reward,execution_time
300,3.4,35.1571,28.0,3.65
episode,avg_pods,avg_latency,reward,execution_time
301,3.64,61.551,23.0,3.58
episode,avg_pods,avg_latency,reward,execution_time
302,3.48,54.4938,30.0,3.53
episode,avg_pods,avg_latency,reward,execution_time
303,3.32,35.1707,31.0,3.67
episode,avg_pods,avg_latency,reward,execution_time
304,9.24,76.4958,1.0,3.72
episode,avg_pods,avg_latency,reward,execution_time
305,2.92,35.1932,27.0,3.8
episode,avg_pods,avg_latency,reward,execution_time
306,6.52,2.8845,7.0,3.69
episode,avg_pods,avg_latency,reward,execution_time
307,3.04,10.5869,24.0,3.5
episode,avg_pods,avg_latency,reward,execution_time
308,6.4,3.6502,6.0,3.52
episode,avg_pods,avg_latency,reward,execution_time
309,2.6,8.8366,18.0,3.54
episode,avg_pods,avg_latency,reward,execution_time
310,3.28,43.9762,27.0,3.59
episode,avg_pods,avg_latency,reward,execution_time
311,3.24,43.9593,28.0,4.03
episode,avg_pods,avg_latency,reward,execution_time
312,7.88,433.2654,3.0,3.62
episode,avg_pods,avg_latency,reward,execution_time
313,3.36,17.601,23.0,3.5
episode,avg_pods,avg_latency,reward,execution_time
314,7.8,11.8311,0.0,3.85
episode,avg_pods,avg_latency,reward,execution_time
315,6.2,4.3426,10.0,3.55
episode,avg_pods,avg_latency,reward,execution_time
316,12.08,119081.3225,3.0,3.63
episode,avg_pods,avg_latency,reward,execution_time
317,8.36,120043.0152,1.0,3.51
episode,avg_pods,avg_latency,reward,execution_time
318,3.16,26.4144,25.0,3.78
episode,avg_pods,avg_latency,reward,execution_time
319,2.8,0.0621,27.0,3.65
episode,avg_pods,avg_latency,reward,execution_time
320,3.2,26.409,21.0,3.53
episode,avg_pods,avg_latency,reward,execution_time
321,6.12,4.5891,8.0,3.64
episode,avg_pods,avg_latency,reward,execution_time
322,3.16,8.8607,23.0,3.95
episode,avg_pods,avg_latency,reward,execution_time
323,4.84,1.73,14.0,3.64
episode,avg_pods,avg_latency,reward,execution_time
324,3.56,54.4893,-21.0,3.66
episode,avg_pods,avg_latency,reward,execution_time
325,3.36,35.205,26.0,3.64
episode,avg_pods,avg_latency,reward,execution_time
326,3.08,52.7605,31.0,3.62
episode,avg_pods,avg_latency,reward,execution_time
327,3.16,28.1532,27.0,3.54
episode,avg_pods,avg_latency,reward,execution_time
328,3.24,70.3043,34.0,3.54
episode,avg_pods,avg_latency,reward,execution_time
329,6.56,1.7468,5.0,3.56
episode,avg_pods,avg_latency,reward,execution_time
330,3.36,70.3223,43.0,3.63
episode,avg_pods,avg_latency,reward,execution_time
331,3.88,35.4094,32.0,3.62
episode,avg_pods,avg_latency,reward,execution_time
332,3.32,52.7431,16.0,3.64
episode,avg_pods,avg_latency,reward,execution_time
333,11.04,1810.096,-4.0,3.93
episode,avg_pods,avg_latency,reward,execution_time
334,3.2,70.3256,35.0,3.84
episode,avg_pods,avg_latency,reward,execution_time
335,6.2,19.8659,16.0,4.01
episode,avg_pods,avg_latency,reward,execution_time
336,3.4,35.1756,27.0,3.68
episode,avg_pods,avg_latency,reward,execution_time
337,7.28,7.5574,13.0,3.73
episode,avg_pods,avg_latency,reward,execution_time
338,3.2,35.1863,21.0,3.7
episode,avg_pods,avg_latency,reward,execution_time
339,3.52,35.5014,24.0,4.07
episode,avg_pods,avg_latency,reward,execution_time
340,3.48,17.9007,19.0,4.89
episode,avg_pods,avg_latency,reward,execution_time
341,4.24,44.0642,19.0,4.16
episode,avg_pods,avg_latency,reward,execution_time
342,3.48,17.7976,35.0,5.24
episode,avg_pods,avg_latency,reward,execution_time
343,3.68,52.8631,26.0,4.84
episode,avg_pods,avg_latency,reward,execution_time
344,3.28,63.2954,28.0,6.66
episode,avg_pods,avg_latency,reward,execution_time
345,9.48,0.6016,-6.0,5.26
episode,avg_pods,avg_latency,reward,execution_time
346,3.48,43.9546,29.0,4.53
episode,avg_pods,avg_latency,reward,execution_time
347,3.92,44.0335,32.0,4.38
episode,avg_pods,avg_latency,reward,execution_time
348,3.52,72.067,33.0,6.45
episode,avg_pods,avg_latency,reward,execution_time
349,3.6,8362.9868,24.0,4.71
episode,avg_pods,avg_latency,reward,execution_time
350,5.96,5.4218,12.0,4.15
episode,avg_pods,avg_latency,reward,execution_time
351,4.56,44.1571,22.0,4.2
episode,avg_pods,avg_latency,reward,execution_time
352,3.52,35.2556,36.0,3.99
episode,avg_pods,avg_latency,reward,execution_time
353,8.24,32236.733,6.0,4.96
episode,avg_pods,avg_latency,reward,execution_time
354,9.12,0.87,2.0,4.08
episode,avg_pods,avg_latency,reward,execution_time
355,3.32,35.1936,26.0,4.08
episode,avg_pods,avg_latency,reward,execution_time
356,9.12,443.0372,2.0,4.01
episode,avg_pods,avg_latency,reward,execution_time
357,9.0,11.8087,2.0,4.19
episode,avg_pods,avg_latency,reward,execution_time
358,3.64,35.3558,29.0,3.98
episode,avg_pods,avg_latency,reward,execution_time
359,8.04,475296.5354,10.0,4.02
episode,avg_pods,avg_latency,reward,execution_time
360,4.4,35.1558,14.0,3.87
episode,avg_pods,avg_latency,reward,execution_time
361,4.84,19.3585,21.0,4.12
episode,avg_pods,avg_latency,reward,execution_time
362,3.4,70.4529,26.0,3.78
episode,avg_pods,avg_latency,reward,execution_time
363,7.24,798393.5193,8.0,3.85
episode,avg_pods,avg_latency,reward,execution_time
364,7.08,355288.0674,13.0,3.98
episode,avg_pods,avg_latency,reward,execution_time
365,12.76,6.4553,-3.0,4.05
episode,avg_pods,avg_latency,reward,execution_time
366,3.76,35.2681,27.0,3.89
episode,avg_pods,avg_latency,reward,execution_time
367,9.36,12.3694,2.0,4.25
episode,avg_pods,avg_latency,reward,execution_time
368,6.12,120043.0955,24.0,3.85
episode,avg_pods,avg_latency,reward,execution_time
369,3.2,70.2813,35.0,3.87
episode,avg_pods,avg_latency,reward,execution_time
370,4.08,35.3603,26.0,3.84
episode,avg_pods,avg_latency,reward,execution_time
371,9.6,32236.7518,5.0,3.9
episode,avg_pods,avg_latency,reward,execution_time
372,3.76,87.8562,32.0,3.76
episode,avg_pods,avg_latency,reward,execution_time
373,3.84,35.2616,27.0,4.1
episode,avg_pods,avg_latency,reward,execution_time
374,3.28,70.3105,28.0,3.74
episode,avg_pods,avg_latency,reward,execution_time
375,7.84,0.9673,2.0,3.95
episode,avg_pods,avg_latency,reward,execution_time
376,9.44,459.5038,-1.0,4.21
episode,avg_pods,avg_latency,reward,execution_time
377,10.36,0.33,8.0,4.27
episode,avg_pods,avg_latency,reward,execution_time
378,5.88,4.3407,11.0,4.0
episode,avg_pods,avg_latency,reward,execution_time
379,3.48,96.6733,29.0,3.79
episode,avg_pods,avg_latency,reward,execution_time
380,3.2,79.2623,39.0,3.88
episode,avg_pods,avg_latency,reward,execution_time
381,3.28,52.8017,28.0,3.93
episode,avg_pods,avg_latency,reward,execution_time
382,3.6,61.5454,21.0,3.95
episode,avg_pods,avg_latency,reward,execution_time
383,6.64,2.7764,-2.0,3.99
episode,avg_pods,avg_latency,reward,execution_time
384,2.88,44.0556,21.0,4.2
episode,avg_pods,avg_latency,reward,execution_time
385,10.68,5.6846,-5.0,4.0
episode,avg_pods,avg_latency,reward,execution_time
386,3.12,61.5431,31.0,4.13
episode,avg_pods,avg_latency,reward,execution_time
387,3.24,35.3695,36.0,3.94
episode,avg_pods,avg_latency,reward,execution_time
388,7.24,1.7503,3.0,3.9
episode,avg_pods,avg_latency,reward,execution_time
389,3.6,52.813,33.0,3.97
episode,avg_pods,avg_latency,reward,execution_time
390,3.6,61.6993,36.0,4.06
episode,avg_pods,avg_latency,reward,execution_time
391,3.56,70.3121,5.0,4.03
episode,avg_pods,avg_latency,reward,execution_time
392,3.24,35.1819,29.0,4.03
episode,avg_pods,avg_latency,reward,execution_time
393,3.36,52.7842,30.0,4.3
episode,avg_pods,avg_latency,reward,execution_time
394,8.6,120040.6171,7.0,3.87
episode,avg_pods,avg_latency,reward,execution_time
395,3.56,44.1728,28.0,3.88
episode,avg_pods,avg_latency,reward,execution_time
396,10.76,901.7176,-1.0,3.83
episode,avg_pods,avg_latency,reward,execution_time
397,3.0,52.7307,30.0,3.82
episode,avg_pods,avg_latency,reward,execution_time
398,3.32,61.537,27.0,3.85
episode,avg_pods,avg_latency,reward,execution_time
399,3.56,43.9426,29.0,3.95
episode,avg_pods,avg_latency,reward,execution_time
400,4.36,56518.0277,29.0,3.92
episode,avg_pods,avg_latency,reward,execution_time
401,9.12,39.0846,2.0,4.16
episode,avg_pods,avg_latency,reward,execution_time
402,3.48,52.7443,20.0,3.93
episode,avg_pods,avg_latency,reward,execution_time
403,3.16,28.1463,28.0,4.09
episode,avg_pods,avg_latency,reward,execution_time
404,3.92,44.144,28.0,4.34
episode,avg_pods,avg_latency,reward,execution_time
405,7.96,0.4141,-5.0,4.04
episode,avg_pods,avg_latency,reward,execution_time
406,5.64,1554049.631,13.0,4.22
episode,avg_pods,avg_latency,reward,execution_time
407,3.52,37.0018,37.0,4.16
episode,avg_pods,avg_latency,reward,execution_time
408,3.68,28.1282,32.0,4.18
episode,avg_pods,avg_latency,reward,execution_time
409,8.4,0.876,2.0,4.05
episode,avg_pods,avg_latency,reward,execution_time
410,5.88,240054.129,25.0,4.14
episode,avg_pods,avg_latency,reward,execution_time
411,3.4,52.713,34.0,4.12
episode,avg_pods,avg_latency,reward,execution_time
412,7.36,120036.6543,11.0,4.11
episode,avg_pods,avg_latency,reward,execution_time
413,3.8,52.8588,26.0,4.28
episode,avg_pods,avg_latency,reward,execution_time
414,9.64,400200.0409,-2.0,4.12
episode,avg_pods,avg_latency,reward,execution_time
415,9.2,0.8816,-16.0,4.27
episode,avg_pods,avg_latency,reward,execution_time
416,7.96,0.7225,4.0,4.2
episode,avg_pods,avg_latency,reward,execution_time
417,3.32,43.9658,30.0,4.08
episode,avg_pods,avg_latency,reward,execution_time
418,7.6,459680.7644,6.0,4.12
episode,avg_pods,avg_latency,reward,execution_time
419,3.16,70.3091,29.0,4.08
episode,avg_pods,avg_latency,reward,execution_time
420,3.68,61.8878,32.0,4.34
episode,avg_pods,avg_latency,reward,execution_time
421,3.28,26.3815,26.0,4.79
episode,avg_pods,avg_latency,reward,execution_time
422,3.4,35.1886,22.0,4.78
episode,avg_pods,avg_latency,reward,execution_time
423,10.88,96713.5898,2.0,4.17
episode,avg_pods,avg_latency,reward,execution_time
424,3.48,35.2662,32.0,4.11
episode,avg_pods,avg_latency,reward,execution_time
425,11.04,424664.1378,2.0,4.36
episode,avg_pods,avg_latency,reward,execution_time
426,3.52,35.3816,22.0,4.17
episode,avg_pods,avg_latency,reward,execution_time
427,11.08,3605.4036,-2.0,4.12
episode,avg_pods,avg_latency,reward,execution_time
428,3.64,26.5844,34.0,4.44
episode,avg_pods,avg_latency,reward,execution_time
429,3.48,43.9927,23.0,4.5
episode,avg_pods,avg_latency,reward,execution_time
430,7.64,0.0185,-9.0,4.17
episode,avg_pods,avg_latency,reward,execution_time
431,3.8,54.5919,30.0,4.32
episode,avg_pods,avg_latency,reward,execution_time
432,3.68,52.7391,17.0,4.36
episode,avg_pods,avg_latency,reward,execution_time
433,9.6,0.3144,-2.0,4.88
episode,avg_pods,avg_latency,reward,execution_time
434,8.24,0.0212,-2.0,4.19
episode,avg_pods,avg_latency,reward,execution_time
435,3.04,26.379,34.0,3.97
episode,avg_pods,avg_latency,reward,execution_time
436,5.72,359748.9233,8.0,4.26
episode,avg_pods,avg_latency,reward,execution_time
437,6.08,359834.7088,5.0,4.24
episode,avg_pods,avg_latency,reward,execution_time
438,6.72,1.2623,4.0,4.4
episode,avg_pods,avg_latency,reward,execution_time
439,3.16,10.7004,19.0,4.51
episode,avg_pods,avg_latency,reward,execution_time
440,6.12,4.0495,9.0,4.57
episode,avg_pods,avg_latency,reward,execution_time
441,3.64,61.5213,21.0,4.2
episode,avg_pods,avg_latency,reward,execution_time
442,7.88,39.3486,1.0,4.11
episode,avg_pods,avg_latency,reward,execution_time
443,6.36,3.3725,8.0,4.21
episode,avg_pods,avg_latency,reward,execution_time
444,2.92,17.6413,17.0,4.15
episode,avg_pods,avg_latency,reward,execution_time
445,2.84,19.4041,18.0,4.16
episode,avg_pods,avg_latency,reward,execution_time
446,6.84,2.4576,5.0,4.15
episode,avg_pods,avg_latency,reward,execution_time
447,3.36,19.388,26.0,4.34
episode,avg_pods,avg_latency,reward,execution_time
448,3.04,8.8306,19.0,4.32
episode,avg_pods,avg_latency,reward,execution_time
449,2.92,26.4267,19.0,4.37
episode,avg_pods,avg_latency,reward,execution_time
450,3.12,19.3758,21.0,4.48
episode,avg_pods,avg_latency,reward,execution_time
451,7.12,424.7766,7.0,4.16
episode,avg_pods,avg_latency,reward,execution_time
452,8.2,0.5468,3.0,4.1
episode,avg_pods,avg_latency,reward,execution_time
453,3.0,26.4198,26.0,4.2
episode,avg_pods,avg_latency,reward,execution_time
454,5.72,359852.7244,4.0,4.42
episode,avg_pods,avg_latency,reward,execution_time
455,3.0,35.1857,32.0,6.18
episode,avg_pods,avg_latency,reward,execution_time
456,5.6,359849.4181,0.0,5.86
episode,avg_pods,avg_latency,reward,execution_time
457,5.84,5.422,11.0,4.46
episode,avg_pods,avg_latency,reward,execution_time
458,3.04,19.3934,22.0,4.57
episode,avg_pods,avg_latency,reward,execution_time
459,3.32,35.1692,22.0,4.7
episode,avg_pods,avg_latency,reward,execution_time
460,6.32,3.9105,7.0,4.79
episode,avg_pods,avg_latency,reward,execution_time
461,6.0,5.9632,12.0,4.9
episode,avg_pods,avg_latency,reward,execution_time
462,7.24,79.6916,6.0,4.75
episode,avg_pods,avg_latency,reward,execution_time
463,2.92,26.3979,20.0,4.5
episode,avg_pods,avg_latency,reward,execution_time
464,2.92,26.4024,29.0,4.59
episode,avg_pods,avg_latency,reward,execution_time
465,3.32,61.7313,29.0,5.0
episode,avg_pods,avg_latency,reward,execution_time
466,3.2,9.0188,26.0,4.82
episode,avg_pods,avg_latency,reward,execution_time
467,6.36,3.804,-3.0,4.7
episode,avg_pods,avg_latency,reward,execution_time
468,3.2,35.1802,27.0,4.87
episode,avg_pods,avg_latency,reward,execution_time
469,5.6,459149.7471,13.0,4.8
episode,avg_pods,avg_latency,reward,execution_time
470,3.48,54.4902,32.0,4.76
episode,avg_pods,avg_latency,reward,execution_time
471,3.0,26.3868,26.0,4.74
episode,avg_pods,avg_latency,reward,execution_time
472,5.68,407096.3416,13.0,4.71
episode,avg_pods,avg_latency,reward,execution_time
473,3.2,43.9643,29.0,5.0
episode,avg_pods,avg_latency,reward,execution_time
474,6.04,4.3437,10.0,4.63
episode,avg_pods,avg_latency,reward,execution_time
475,3.32,26.4143,22.0,4.99
episode,avg_pods,avg_latency,reward,execution_time
476,4.2,427552.8614,0.0,4.88
episode,avg_pods,avg_latency,reward,execution_time
477,5.92,4.8832,8.0,4.8
episode,avg_pods,avg_latency,reward,execution_time
478,5.8,5.423,12.0,4.66
episode,avg_pods,avg_latency,reward,execution_time
479,5.92,4.9382,11.0,4.65
episode,avg_pods,avg_latency,reward,execution_time
480,3.04,17.6413,18.0,4.61
episode,avg_pods,avg_latency,reward,execution_time
481,4.0,339244.1457,0.0,4.73
episode,avg_pods,avg_latency,reward,execution_time
482,2.8,26.3996,15.0,4.82
episode,avg_pods,avg_latency,reward,execution_time
483,3.72,0.0407,21.0,6.2
episode,avg_pods,avg_latency,reward,execution_time
484,3.04,17.6356,20.0,6.49
episode,avg_pods,avg_latency,reward,execution_time
485,3.12,35.1813,25.0,5.05
episode,avg_pods,avg_latency,reward,execution_time
486,3.28,35.1866,25.0,5.01
episode,avg_pods,avg_latency,reward,execution_time
487,2.84,17.63,23.0,5.01
episode,avg_pods,avg_latency,reward,execution_time
488,6.48,2.2346,6.0,4.8
episode,avg_pods,avg_latency,reward,execution_time
489,5.36,359814.4918,6.0,5.05
episode,avg_pods,avg_latency,reward,execution_time
490,3.84,35.1591,22.0,4.96
episode,avg_pods,avg_latency,reward,execution_time
491,13.4,2640.2544,-7.0,5.03
episode,avg_pods,avg_latency,reward,execution_time
492,9.12,11.7889,-7.0,4.96
episode,avg_pods,avg_latency,reward,execution_time
493,4.16,2.6459,7.0,4.77
episode,avg_pods,avg_latency,reward,execution_time
494,3.0,52.7416,24.0,5.09
episode,avg_pods,avg_latency,reward,execution_time
495,11.2,0.0196,-1.0,4.95
episode,avg_pods,avg_latency,reward,execution_time
496,8.0,422.5878,4.0,5.15
episode,avg_pods,avg_latency,reward,execution_time
497,3.48,43.9651,29.0,4.74
episode,avg_pods,avg_latency,reward,execution_time
498,8.32,0.0152,0.0,5.17
episode,avg_pods,avg_latency,reward,execution_time
499,3.16,52.794,43.0,4.78
episode,avg_pods,avg_latency,reward,execution_time
500,3.48,61.5382,26.0,4.95
episode,avg_pods,avg_latency,reward,execution_time
501,3.36,105.428,30.0,5.13
episode,avg_pods,avg_latency,reward,execution_time
502,8.84,360046.5656,-10.0,5.15
episode,avg_pods,avg_latency,reward,execution_time
503,3.4,43.9422,8.0,5.09
episode,avg_pods,avg_latency,reward,execution_time
504,4.96,495402.4171,13.0,5.0
episode,avg_pods,avg_latency,reward,execution_time
505,3.2,105.4154,45.0,5.03
episode,avg_pods,avg_latency,reward,execution_time
506,4.52,44.016,33.0,5.01
episode,avg_pods,avg_latency,reward,execution_time
507,8.2,0.2993,0.0,5.14
episode,avg_pods,avg_latency,reward,execution_time
508,4.04,87.8495,38.0,5.19
episode,avg_pods,avg_latency,reward,execution_time
509,8.4,1.2962,-4.0,5.29
episode,avg_pods,avg_latency,reward,execution_time
510,6.36,3.9156,6.0,5.03
episode,avg_pods,avg_latency,reward,execution_time
511,6.08,4876.6942,4.0,5.16
episode,avg_pods,avg_latency,reward,execution_time
512,9.96,4861.2844,0.0,5.29
episode,avg_pods,avg_latency,reward,execution_time
513,2.96,61.527,22.0,4.92
episode,avg_pods,avg_latency,reward,execution_time
514,3.28,35.3123,20.0,5.39
episode,avg_pods,avg_latency,reward,execution_time
515,3.68,56.2459,14.0,4.81
episode,avg_pods,avg_latency,reward,execution_time
516,3.36,70.3214,27.0,5.01
episode,avg_pods,avg_latency,reward,execution_time
517,2.92,52.7593,19.0,5.3
episode,avg_pods,avg_latency,reward,execution_time
518,6.16,4.3413,10.0,5.16
episode,avg_pods,avg_latency,reward,execution_time
519,3.04,35.1764,22.0,4.84
episode,avg_pods,avg_latency,reward,execution_time
520,6.8,3.4525,6.0,5.63
episode,avg_pods,avg_latency,reward,execution_time
521,8.08,0.0154,-7.0,5.1
episode,avg_pods,avg_latency,reward,execution_time
522,3.0,52.766,31.0,5.01
episode,avg_pods,avg_latency,reward,execution_time
523,2.76,8.8861,16.0,5.38
episode,avg_pods,avg_latency,reward,execution_time
524,2.96,26.4086,19.0,5.1
episode,avg_pods,avg_latency,reward,execution_time
525,5.04,527108.2007,1.0,5.27
episode,avg_pods,avg_latency,reward,execution_time
526,3.04,17.6148,23.0,4.97
episode,avg_pods,avg_latency,reward,execution_time
527,3.56,54.5229,25.0,5.24
episode,avg_pods,avg_latency,reward,execution_time
528,6.56,0.035,6.0,5.23
episode,avg_pods,avg_latency,reward,execution_time
529,6.28,4.3409,8.0,5.3
episode,avg_pods,avg_latency,reward,execution_time
530,3.0,36.9542,22.0,5.13
episode,avg_pods,avg_latency,reward,execution_time
531,6.04,4.342,9.0,5.28
episode,avg_pods,avg_latency,reward,execution_time
532,3.08,35.2162,26.0,5.2
episode,avg_pods,avg_latency,reward,execution_time
533,3.8,17.6376,22.0,5.25
episode,avg_pods,avg_latency,reward,execution_time
534,2.84,67857.4994,23.0,5.51
episode,avg_pods,avg_latency,reward,execution_time
535,2.96,26.4195,26.0,4.88
episode,avg_pods,avg_latency,reward,execution_time
536,6.68,3.5092,6.0,5.24
episode,avg_pods,avg_latency,reward,execution_time
537,3.52,54.5,31.0,5.71
episode,avg_pods,avg_latency,reward,execution_time
538,3.04,52.7499,23.0,5.42
episode,avg_pods,avg_latency,reward,execution_time
539,3.12,43.9654,34.0,5.4
episode,avg_pods,avg_latency,reward,execution_time
540,5.84,5.9636,12.0,5.31
episode,avg_pods,avg_latency,reward,execution_time
541,10.96,2.8498,-38.0,5.23
episode,avg_pods,avg_latency,reward,execution_time
542,3.08,43.9519,39.0,5.29
episode,avg_pods,avg_latency,reward,execution_time
543,3.32,35.3411,10.0,5.7
episode,avg_pods,avg_latency,reward,execution_time
544,3.28,61.5036,17.0,5.48
episode,avg_pods,avg_latency,reward,execution_time
545,3.64,35.1707,28.0,5.49
episode,avg_pods,avg_latency,reward,execution_time
546,6.2,4.8825,9.0,5.07
episode,avg_pods,avg_latency,reward,execution_time
547,5.48,59.9502,2.0,5.35
episode,avg_pods,avg_latency,reward,execution_time
548,4.64,423129.2715,2.0,5.58
episode,avg_pods,avg_latency,reward,execution_time
549,2.68,26.4018,20.0,5.29
episode,avg_pods,avg_latency,reward,execution_time
550,6.96,2.2348,4.0,5.29
episode,avg_pods,avg_latency,reward,execution_time
551,2.92,17.6716,23.0,5.78
episode,avg_pods,avg_latency,reward,execution_time
552,2.96,8.9141,14.0,5.39
episode,avg_pods,avg_latency,reward,execution_time
553,8.04,0.0623,-12.0,5.24
episode,avg_pods,avg_latency,reward,execution_time
554,6.44,42.0163,7.0,5.54
episode,avg_pods,avg_latency,reward,execution_time
555,2.88,52.7529,23.0,5.46
episode,avg_pods,avg_latency,reward,execution_time
556,2.68,8.8423,17.0,5.46
episode,avg_pods,avg_latency,reward,execution_time
557,6.36,3.4451,8.0,5.46
episode,avg_pods,avg_latency,reward,execution_time
558,3.12,10.5921,22.0,5.63
episode,avg_pods,avg_latency,reward,execution_time
559,2.92,8.9514,23.0,5.52
episode,avg_pods,avg_latency,reward,execution_time
560,2.52,0.0392,16.0,5.25
episode,avg_pods,avg_latency,reward,execution_time
561,6.16,4.938,9.0,5.29
episode,avg_pods,avg_latency,reward,execution_time
562,6.44,3.8039,0.0,5.39
episode,avg_pods,avg_latency,reward,execution_time
563,3.08,43.98,35.0,5.71
episode,avg_pods,avg_latency,reward,execution_time
564,3.0,35.1996,31.0,6.12
episode,avg_pods,avg_latency,reward,execution_time
565,2.72,8.8691,22.0,5.48
episode,avg_pods,avg_latency,reward,execution_time
566,3.08,17.6482,22.0,5.32
episode,avg_pods,avg_latency,reward,execution_time
567,3.48,79.1284,31.0,5.72
episode,avg_pods,avg_latency,reward,execution_time
568,3.16,17.6083,28.0,5.49
episode,avg_pods,avg_latency,reward,execution_time
569,6.92,2.4652,-13.0,5.62
episode,avg_pods,avg_latency,reward,execution_time
570,2.76,17.6248,8.0,5.87
episode,avg_pods,avg_latency,reward,execution_time
571,3.72,2.6423,1.0,5.69
episode,avg_pods,avg_latency,reward,execution_time
572,2.8,8.8924,20.0,5.63
episode,avg_pods,avg_latency,reward,execution_time
573,6.12,5.4246,7.0,5.47
episode,avg_pods,avg_latency,reward,execution_time
574,6.2,5.4271,6.0,5.55
episode,avg_pods,avg_latency,reward,execution_time
575,3.28,17.6707,26.0,5.93
episode,avg_pods,avg_latency,reward,execution_time
576,4.76,359786.7296,-5.0,5.35
episode,avg_pods,avg_latency,reward,execution_time
577,2.68,17.6928,21.0,5.56
episode,avg_pods,avg_latency,reward,execution_time
578,3.16,26.406,19.0,5.53
episode,avg_pods,avg_latency,reward,execution_time
579,2.96,43.977,22.0,5.43
episode,avg_pods,avg_latency,reward,execution_time
580,3.88,1.7333,10.0,5.7
episode,avg_pods,avg_latency,reward,execution_time
581,6.24,2.8855,-8.0,5.77
episode,avg_pods,avg_latency,reward,execution_time
582,6.08,4.993,7.0,5.74
episode,avg_pods,avg_latency,reward,execution_time
583,2.72,17.6485,22.0,5.66
episode,avg_pods,avg_latency,reward,execution_time
584,6.36,4.342,7.0,5.6
episode,avg_pods,avg_latency,reward,execution_time
585,5.8,5.4226,12.0,5.68
episode,avg_pods,avg_latency,reward,execution_time
586,2.68,0.0906,23.0,5.84
episode,avg_pods,avg_latency,reward,execution_time
587,6.2,4.8836,11.0,5.46
episode,avg_pods,avg_latency,reward,execution_time
588,5.88,6.5042,12.0,6.14
episode,avg_pods,avg_latency,reward,execution_time
589,2.52,0.0406,16.0,5.65
episode,avg_pods,avg_latency,reward,execution_time
590,2.72,8.8302,16.0,5.79
episode,avg_pods,avg_latency,reward,execution_time
591,3.0,8.8758,22.0,5.96
episode,avg_pods,avg_latency,reward,execution_time
592,3.08,8.8807,16.0,5.9
episode,avg_pods,avg_latency,reward,execution_time
593,2.72,17.8792,23.0,5.78
episode,avg_pods,avg_latency,reward,execution_time
594,3.16,1.8431,21.0,5.68
episode,avg_pods,avg_latency,reward,execution_time
595,4.12,6.8328,7.0,5.85
episode,avg_pods,avg_latency,reward,execution_time
596,2.8,26.4255,18.0,5.44
episode,avg_pods,avg_latency,reward,execution_time
597,2.76,0.0408,18.0,5.77
episode,avg_pods,avg_latency,reward,execution_time
598,2.72,8.8926,22.0,7.5
episode,avg_pods,avg_latency,reward,execution_time
599,2.8,8.8693,18.0,7.26
episode,avg_pods,avg_latency,reward,execution_time
600,2.76,1.8024,17.0,6.38
episode,avg_pods,avg_latency,reward,execution_time
601,2.84,17.6523,15.0,5.94
episode,avg_pods,avg_latency,reward,execution_time
602,5.64,7.5844,6.0,6.08
episode,avg_pods,avg_latency,reward,execution_time
603,6.08,5.9645,2.0,5.94
episode,avg_pods,avg_latency,reward,execution_time
604,2.84,0.0747,24.0,5.82
episode,avg_pods,avg_latency,reward,execution_time
605,4.4,339244.145,4.0,5.89
episode,avg_pods,avg_latency,reward,execution_time
606,2.88,26.4589,21.0,5.54
episode,avg_pods,avg_latency,reward,execution_time
607,4.4,67.0798,-9.0,5.99
episode,avg_pods,avg_latency,reward,execution_time
608,2.64,8.857,3.0,5.85
episode,avg_pods,avg_latency,reward,execution_time
609,7.56,0.0082,0.0,6.25
episode,avg_pods,avg_latency,reward,execution_time
610,3.04,35.1535,29.0,6.16
episode,avg_pods,avg_latency,reward,execution_time
611,3.2,24.7969,23.0,6.05
episode,avg_pods,avg_latency,reward,execution_time
612,3.92,54.4773,35.0,5.98
episode,avg_pods,avg_latency,reward,execution_time
613,3.8,61.652,32.0,6.43
episode,avg_pods,avg_latency,reward,execution_time
614,6.4,4.8857,6.0,5.93
episode,avg_pods,avg_latency,reward,execution_time
615,3.64,42.3668,9.0,6.3
episode,avg_pods,avg_latency,reward,execution_time
616,3.16,43.9578,36.0,5.96
episode,avg_pods,avg_latency,reward,execution_time
617,6.76,0.5608,-104.0,6.27
episode,avg_pods,avg_latency,reward,execution_time
618,3.64,8.8477,18.0,6.14
episode,avg_pods,avg_latency,reward,execution_time
619,6.36,5.964,12.0,6.17
episode,avg_pods,avg_latency,reward,execution_time
620,4.4,459144.969,13.0,6.18
episode,avg_pods,avg_latency,reward,execution_time
621,3.36,35.1856,18.0,6.17
episode,avg_pods,avg_latency,reward,execution_time
622,6.76,2.7176,4.0,6.32
episode,avg_pods,avg_latency,reward,execution_time
623,3.44,35.1834,13.0,6.01
episode,avg_pods,avg_latency,reward,execution_time
624,8.44,0.021,6.0,5.81
episode,avg_pods,avg_latency,reward,execution_time
625,4.32,19.3721,10.0,6.3
episode,avg_pods,avg_latency,reward,execution_time
626,6.12,5.4239,-8.0,6.37
episode,avg_pods,avg_latency,reward,execution_time
627,4.4,38.6672,26.0,6.29
episode,avg_pods,avg_latency,reward,execution_time
628,8.96,0.0274,-61.0,6.55
episode,avg_pods,avg_latency,reward,execution_time
629,6.28,3.8583,0.0,6.15
episode,avg_pods,avg_latency,reward,execution_time
630,5.76,7.0444,-3.0,6.03
episode,avg_pods,avg_latency,reward,execution_time
631,3.0,26.4144,25.0,5.92
episode,avg_pods,avg_latency,reward,execution_time
632,3.08,17.6209,27.0,5.79
episode,avg_pods,avg_latency,reward,execution_time
633,6.08,5.9625,7.0,6.05
episode,avg_pods,avg_latency,reward,execution_time
634,6.04,4.3414,-17.0,6.1
episode,avg_pods,avg_latency,reward,execution_time
635,8.24,0.0914,-9.0,6.01
episode,avg_pods,avg_latency,reward,execution_time
636,3.44,28.1602,27.0,6.79
episode,avg_pods,avg_latency,reward,execution_time
637,2.6,17.6604,21.0,6.19
episode,avg_pods,avg_latency,reward,execution_time
638,8.64,423.1589,-22.0,6.29
episode,avg_pods,avg_latency,reward,execution_time
639,3.44,17.6556,20.0,5.97
episode,avg_pods,avg_latency,reward,execution_time
640,3.2,8.8594,21.0,6.02
episode,avg_pods,avg_latency,reward,execution_time
641,2.96,26.3856,13.0,6.17
episode,avg_pods,avg_latency,reward,execution_time
642,6.72,5.9635,-8.0,6.23
episode,avg_pods,avg_latency,reward,execution_time
643,7.24,0.0303,10.0,6.18
episode,avg_pods,avg_latency,reward,execution_time
644,6.0,5.4559,3.0,6.13
episode,avg_pods,avg_latency,reward,execution_time
645,5.88,7.0447,13.0,5.79
episode,avg_pods,avg_latency,reward,execution_time
646,6.12,6.0245,11.0,6.29
episode,avg_pods,avg_latency,reward,execution_time
647,2.96,0.082,24.0,6.32
episode,avg_pods,avg_latency,reward,execution_time
648,3.88,0.0728,-1.0,6.13
episode,avg_pods,avg_latency,reward,execution_time
649,3.08,19.3988,18.0,6.17
episode,avg_pods,avg_latency,reward,execution_time
650,2.68,8.9292,21.0,6.02
episode,avg_pods,avg_latency,reward,execution_time
651,3.04,0.0693,23.0,6.1
episode,avg_pods,avg_latency,reward,execution_time
652,2.96,26.4216,23.0,6.33
episode,avg_pods,avg_latency,reward,execution_time
653,2.84,8.8984,12.0,6.01
episode,avg_pods,avg_latency,reward,execution_time
654,6.04,7.0444,11.0,5.97
episode,avg_pods,avg_latency,reward,execution_time
655,3.32,8.8082,30.0,6.66
episode,avg_pods,avg_latency,reward,execution_time
656,6.32,6.2432,7.0,6.53
episode,avg_pods,avg_latency,reward,execution_time
657,9.04,0.4021,-12.0,6.23
episode,avg_pods,avg_latency,reward,execution_time
658,2.68,0.0793,19.0,6.35
episode,avg_pods,avg_latency,reward,execution_time
659,3.52,19.4057,14.0,6.5
episode,avg_pods,avg_latency,reward,execution_time
660,3.16,10.6098,16.0,6.27
episode,avg_pods,avg_latency,reward,execution_time
661,2.76,0.0984,12.0,6.41
episode,avg_pods,avg_latency,reward,execution_time
662,3.96,0.9494,4.0,6.53
episode,avg_pods,avg_latency,reward,execution_time
663,2.52,0.1152,7.0,6.24
episode,avg_pods,avg_latency,reward,execution_time
664,3.8,1.6461,-3.0,6.34
episode,avg_pods,avg_latency,reward,execution_time
665,4.56,814537.7349,-7.0,6.34
episode,avg_pods,avg_latency,reward,execution_time
666,2.72,17.6539,21.0,6.21
episode,avg_pods,avg_latency,reward,execution_time
667,3.12,26.4382,15.0,6.54
episode,avg_pods,avg_latency,reward,execution_time
668,3.56,26.3886,20.0,6.69
episode,avg_pods,avg_latency,reward,execution_time
669,5.32,7.1695,23.0,6.49
episode,avg_pods,avg_latency,reward,execution_time
670,4.16,35.1566,-22.0,6.47
episode,avg_pods,avg_latency,reward,execution_time
671,3.28,52.7492,35.0,6.67
episode,avg_pods,avg_latency,reward,execution_time
672,6.24,7.0457,-19.0,6.56
episode,avg_pods,avg_latency,reward,execution_time
673,3.92,35.1636,18.0,6.4
episode,avg_pods,avg_latency,reward,execution_time
674,3.12,0.038,15.0,6.35
episode,avg_pods,avg_latency,reward,execution_time
675,2.8,8.8812,21.0,6.61
episode,avg_pods,avg_latency,reward,execution_time
676,3.96,1.643,14.0,6.36
episode,avg_pods,avg_latency,reward,execution_time
677,8.84,0.0386,-9.0,6.32
episode,avg_pods,avg_latency,reward,execution_time
678,2.88,26.4415,22.0,6.27
episode,avg_pods,avg_latency,reward,execution_time
679,6.48,4.8832,-3.0,6.49
episode,avg_pods,avg_latency,reward,execution_time
680,3.32,44.0495,36.0,6.84
episode,avg_pods,avg_latency,reward,execution_time
681,4.04,35.153,32.0,6.39
episode,avg_pods,avg_latency,reward,execution_time
682,4.32,52.7518,28.0,7.08
episode,avg_pods,avg_latency,reward,execution_time
683,3.0,17.6535,31.0,6.82
episode,avg_pods,avg_latency,reward,execution_time
684,3.32,122.9835,40.0,6.4
episode,avg_pods,avg_latency,reward,execution_time
685,5.72,7.5847,-14.0,6.33
episode,avg_pods,avg_latency,reward,execution_time
686,4.16,96.6359,25.0,6.08
episode,avg_pods,avg_latency,reward,execution_time
687,2.84,26.3966,29.0,6.41
episode,avg_pods,avg_latency,reward,execution_time
688,12.36,1287.619,-66.0,6.33
episode,avg_pods,avg_latency,reward,execution_time
689,4.64,61.5083,-22.0,6.72
episode,avg_pods,avg_latency,reward,execution_time
690,4.28,26.4124,-17.0,6.6
episode,avg_pods,avg_latency,reward,execution_time
691,3.76,61.5049,-27.0,6.54
episode,avg_pods,avg_latency,reward,execution_time
692,6.12,5.963,11.0,6.43
episode,avg_pods,avg_latency,reward,execution_time
693,7.72,41.2134,-26.0,6.85
episode,avg_pods,avg_latency,reward,execution_time
694,6.4,4.0816,6.0,6.53
episode,avg_pods,avg_latency,reward,execution_time
695,3.48,52.7389,31.0,6.95
episode,avg_pods,avg_latency,reward,execution_time
696,10.76,0.1022,-15.0,6.93
episode,avg_pods,avg_latency,reward,execution_time
697,3.28,19.4158,19.0,6.83
episode,avg_pods,avg_latency,reward,execution_time
698,7.56,2.9987,-12.0,6.38
episode,avg_pods,avg_latency,reward,execution_time
699,3.84,10.5999,9.0,6.16
episode,avg_pods,avg_latency,reward,execution_time
700,3.92,61.6808,42.0,7.14
episode,avg_pods,avg_latency,reward,execution_time
701,11.88,0.0244,-48.0,6.41
episode,avg_pods,avg_latency,reward,execution_time
702,3.2,52.7548,30.0,6.28
episode,avg_pods,avg_latency,reward,execution_time
703,4.68,2.6484,10.0,6.71
episode,avg_pods,avg_latency,reward,execution_time
704,8.16,0.0184,4.0,6.27
episode,avg_pods,avg_latency,reward,execution_time
705,4.24,2.6578,5.0,6.59
episode,avg_pods,avg_latency,reward,execution_time
706,3.24,0.0199,4.0,6.55
episode,avg_pods,avg_latency,reward,execution_time
707,5.88,7.0446,5.0,6.58
episode,avg_pods,avg_latency,reward,execution_time
708,7.0,41.7538,4.0,6.53
episode,avg_pods,avg_latency,reward,execution_time
709,4.8,407094.4261,3.0,6.48
episode,avg_pods,avg_latency,reward,execution_time
710,2.8,169453.7986,11.0,6.48
episode,avg_pods,avg_latency,reward,execution_time
711,3.4,43.9432,32.0,6.65
episode,avg_pods,avg_latency,reward,execution_time
712,3.68,52.717,-5.0,6.51
episode,avg_pods,avg_latency,reward,execution_time
713,9.4,18.3895,1.0,6.72
episode,avg_pods,avg_latency,reward,execution_time
714,9.32,0.0319,5.0,6.49
episode,avg_pods,avg_latency,reward,execution_time
715,3.56,35.1541,12.0,6.64
episode,avg_pods,avg_latency,reward,execution_time
716,2.92,17.6297,22.0,6.34
episode,avg_pods,avg_latency,reward,execution_time
717,3.44,89.6118,39.0,6.78
episode,avg_pods,avg_latency,reward,execution_time
718,3.2,26.399,31.0,6.43
episode,avg_pods,avg_latency,reward,execution_time
719,9.28,0.332,1.0,6.32
episode,avg_pods,avg_latency,reward,execution_time
720,3.84,70.2886,46.0,7.21
episode,avg_pods,avg_latency,reward,execution_time
721,3.32,52.7122,47.0,7.8
episode,avg_pods,avg_latency,reward,execution_time
722,7.36,3.5541,-24.0,7.31
episode,avg_pods,avg_latency,reward,execution_time
723,8.08,2.1803,-59.0,7.5
episode,avg_pods,avg_latency,reward,execution_time
724,3.48,105.4284,14.0,6.89
episode,avg_pods,avg_latency,reward,execution_time
725,3.84,33914.3248,28.0,6.82
episode,avg_pods,avg_latency,reward,execution_time
726,4.0,52.745,30.0,6.92
episode,avg_pods,avg_latency,reward,execution_time
727,6.32,3.8014,6.0,7.36
episode,avg_pods,avg_latency,reward,execution_time
728,3.36,61.5329,31.0,8.1
episode,avg_pods,avg_latency,reward,execution_time
729,3.2,17.6691,24.0,7.18
episode,avg_pods,avg_latency,reward,execution_time
730,4.0,35.1488,6.0,7.59
episode,avg_pods,avg_latency,reward,execution_time
731,5.96,5.9638,2.0,6.79
episode,avg_pods,avg_latency,reward,execution_time
732,5.64,7.0441,13.0,6.74
episode,avg_pods,avg_latency,reward,execution_time
733,3.04,36.9534,30.0,6.77
episode,avg_pods,avg_latency,reward,execution_time
734,8.4,119081.3148,-3.0,6.58
episode,avg_pods,avg_latency,reward,execution_time
735,3.04,61.5092,29.0,6.7
episode,avg_pods,avg_latency,reward,execution_time
736,4.68,35.1688,13.0,6.99
episode,avg_pods,avg_latency,reward,execution_time
737,2.92,26.3908,21.0,6.5
episode,avg_pods,avg_latency,reward,execution_time
738,3.28,43.9529,21.0,6.88
episode,avg_pods,avg_latency,reward,execution_time
739,6.84,0.0369,4.0,6.89
episode,avg_pods,avg_latency,reward,execution_time
740,8.52,6.0725,-2.0,6.97
episode,avg_pods,avg_latency,reward,execution_time
741,6.8,746339.7156,-29.0,7.43
episode,avg_pods,avg_latency,reward,execution_time
742,5.76,6.7503,5.0,6.93
episode,avg_pods,avg_latency,reward,execution_time
743,3.04,8.8932,19.0,6.94
episode,avg_pods,avg_latency,reward,execution_time
744,6.84,3.2608,1.0,7.16
episode,avg_pods,avg_latency,reward,execution_time
745,8.12,0.0186,1.0,6.83
episode,avg_pods,avg_latency,reward,execution_time
746,3.68,61.5002,20.0,7.02
episode,avg_pods,avg_latency,reward,execution_time
747,5.28,719545.1914,5.0,6.97
episode,avg_pods,avg_latency,reward,execution_time
748,2.96,26.4261,25.0,7.1
episode,avg_pods,avg_latency,reward,execution_time
749,3.08,19.3701,26.0,6.9
episode,avg_pods,avg_latency,reward,execution_time
750,6.36,3.801,0.0,6.89
episode,avg_pods,avg_latency,reward,execution_time
751,8.52,6.9561,3.0,7.03
episode,avg_pods,avg_latency,reward,execution_time
752,2.96,43.999,22.0,6.59
episode,avg_pods,avg_latency,reward,execution_time
753,8.0,0.0865,-10.0,6.78
episode,avg_pods,avg_latency,reward,execution_time
754,9.6,0.1608,-2.0,6.82
episode,avg_pods,avg_latency,reward,execution_time
755,2.52,8.8864,19.0,6.84
episode,avg_pods,avg_latency,reward,execution_time
756,2.96,35.2145,24.0,6.68
episode,avg_pods,avg_latency,reward,execution_time
757,3.08,44.0045,23.0,6.77
episode,avg_pods,avg_latency,reward,execution_time
758,5.64,6.5048,9.0,6.88
episode,avg_pods,avg_latency,reward,execution_time
759,2.68,26.4251,23.0,6.65
episode,avg_pods,avg_latency,reward,execution_time
760,3.24,44.0514,30.0,6.58
episode,avg_pods,avg_latency,reward,execution_time
761,6.96,40.3947,3.0,8.37
episode,avg_pods,avg_latency,reward,execution_time
762,6.8,1.1531,2.0,6.99
episode,avg_pods,avg_latency,reward,execution_time
763,3.16,43.9527,32.0,6.45
episode,avg_pods,avg_latency,reward,execution_time
764,3.52,43.971,16.0,6.13
episode,avg_pods,avg_latency,reward,execution_time
765,3.28,43.9769,26.0,6.4
episode,avg_pods,avg_latency,reward,execution_time
766,6.88,3.1898,7.0,6.28
episode,avg_pods,avg_latency,reward,execution_time
767,3.08,17.6066,32.0,6.12
episode,avg_pods,avg_latency,reward,execution_time
768,2.84,8.8344,24.0,6.09
episode,avg_pods,avg_latency,reward,execution_time
769,3.2,43.9824,30.0,6.24
episode,avg_pods,avg_latency,reward,execution_time
770,6.88,3.8033,5.0,6.22
episode,avg_pods,avg_latency,reward,execution_time
771,2.84,17.6476,21.0,6.24
episode,avg_pods,avg_latency,reward,execution_time
772,3.52,52.7442,25.0,6.34
episode,avg_pods,avg_latency,reward,execution_time
773,5.68,6.5037,12.0,6.06
episode,avg_pods,avg_latency,reward,execution_time
774,3.16,17.5911,27.0,6.15
episode,avg_pods,avg_latency,reward,execution_time
775,3.16,17.6704,14.0,6.25
episode,avg_pods,avg_latency,reward,execution_time
776,6.64,3.2599,8.0,6.37
episode,avg_pods,avg_latency,reward,execution_time
777,3.0,35.1813,27.0,6.15
episode,avg_pods,avg_latency,reward,execution_time
778,5.92,5.4383,12.0,6.21
episode,avg_pods,avg_latency,reward,execution_time
779,8.12,2.5141,-9.0,6.22
episode,avg_pods,avg_latency,reward,execution_time
780,4.28,3.7763,13.0,5.86
episode,avg_pods,avg_latency,reward,execution_time
781,5.12,120013.6558,12.0,6.46
episode,avg_pods,avg_latency,reward,execution_time
782,3.8,43.9612,21.0,6.23
episode,avg_pods,avg_latency,reward,execution_time
783,7.2,39.8556,4.0,6.29
episode,avg_pods,avg_latency,reward,execution_time
784,3.6,35.2205,31.0,6.64
episode,avg_pods,avg_latency,reward,execution_time
785,3.72,43.9425,25.0,6.31
episode,avg_pods,avg_latency,reward,execution_time
786,3.96,17.5823,38.0,6.92
episode,avg_pods,avg_latency,reward,execution_time
787,3.72,17.655,7.0,6.58
episode,avg_pods,avg_latency,reward,execution_time
788,3.52,26.3914,36.0,6.48
episode,avg_pods,avg_latency,reward,execution_time
789,3.72,70.2995,40.0,6.75
episode,avg_pods,avg_latency,reward,execution_time
790,6.16,8.8976,-65.0,6.99
episode,avg_pods,avg_latency,reward,execution_time
791,7.6,38.2287,-5.0,6.31
episode,avg_pods,avg_latency,reward,execution_time
792,3.72,8.8308,27.0,6.29
episode,avg_pods,avg_latency,reward,execution_time
793,6.8,0.021,1.0,6.15
episode,avg_pods,avg_latency,reward,execution_time
794,4.04,18.0308,12.0,6.4
episode,avg_pods,avg_latency,reward,execution_time
795,4.4,36.9163,10.0,6.64
episode,avg_pods,avg_latency,reward,execution_time
796,7.88,1.6384,-47.0,6.83
episode,avg_pods,avg_latency,reward,execution_time
797,3.32,44.0365,35.0,6.44
episode,avg_pods,avg_latency,reward,execution_time
798,2.92,52.7537,30.0,7.52
episode,avg_pods,avg_latency,reward,execution_time
799,3.4,79.0954,19.0,6.6
episode,avg_pods,avg_latency,reward,execution_time
800,3.12,52.767,25.0,6.29
episode,avg_pods,avg_latency,reward,execution_time
801,7.32,2.183,-8.0,6.29
episode,avg_pods,avg_latency,reward,execution_time
802,8.72,0.0839,2.0,6.53
episode,avg_pods,avg_latency,reward,execution_time
803,3.04,52.7596,21.0,6.39
episode,avg_pods,avg_latency,reward,execution_time
804,4.52,798387.3787,1.0,6.44
episode,avg_pods,avg_latency,reward,execution_time
805,2.96,35.1983,23.0,6.83
episode,avg_pods,avg_latency,reward,execution_time
806,2.8,10.6434,13.0,6.95
episode,avg_pods,avg_latency,reward,execution_time
807,5.84,6.5038,10.0,6.46
episode,avg_pods,avg_latency,reward,execution_time
808,3.68,28.1774,19.0,6.56
episode,avg_pods,avg_latency,reward,execution_time
809,4.8,787432.7891,20.0,6.44
episode,avg_pods,avg_latency,reward,execution_time
810,3.04,26.4138,17.0,6.38
episode,avg_pods,avg_latency,reward,execution_time
811,4.68,339247.6713,18.0,6.45
episode,avg_pods,avg_latency,reward,execution_time
812,3.48,17.6743,25.0,6.49
episode,avg_pods,avg_latency,reward,execution_time
813,4.12,427553.7195,13.0,6.36
episode,avg_pods,avg_latency,reward,execution_time
814,3.6,52.7285,19.0,6.65
episode,avg_pods,avg_latency,reward,execution_time
815,3.56,35.2676,24.0,9.09
episode,avg_pods,avg_latency,reward,execution_time
816,3.4,0.1867,31.0,7.15
episode,avg_pods,avg_latency,reward,execution_time
817,6.08,3.2612,-7.0,6.55
episode,avg_pods,avg_latency,reward,execution_time
818,3.6,52.7434,27.0,6.84
episode,avg_pods,avg_latency,reward,execution_time
819,6.08,5.9636,2.0,6.52
episode,avg_pods,avg_latency,reward,execution_time
820,6.96,1.0958,-6.0,6.9
episode,avg_pods,avg_latency,reward,execution_time
821,7.92,0.5571,-20.0,6.76
episode,avg_pods,avg_latency,reward,execution_time
822,5.72,7.5848,-7.0,6.5
episode,avg_pods,avg_latency,reward,execution_time
823,5.24,359810.1892,-2.0,6.58
episode,avg_pods,avg_latency,reward,execution_time
824,12.8,238162.5531,-16.0,6.88
episode,avg_pods,avg_latency,reward,execution_time
825,5.2,0.3627,29.0,8.53
episode,avg_pods,avg_latency,reward,execution_time
826,9.8,161183.625,0.0,6.77
episode,avg_pods,avg_latency,reward,execution_time
827,4.36,31.6351,2.0,6.94
episode,avg_pods,avg_latency,reward,execution_time
828,8.36,0.8392,-18.0,6.96
episode,avg_pods,avg_latency,reward,execution_time
829,3.32,17.626,6.0,6.57
episode,avg_pods,avg_latency,reward,execution_time
830,9.96,38751.899,-10.0,6.78
episode,avg_pods,avg_latency,reward,execution_time
831,9.44,0.0232,4.0,6.63
episode,avg_pods,avg_latency,reward,execution_time
832,4.0,1.785,10.0,6.67
episode,avg_pods,avg_latency,reward,execution_time
833,6.04,922952.5533,2.0,6.82
episode,avg_pods,avg_latency,reward,execution_time
834,7.56,342053.4697,-26.0,7.23
episode,avg_pods,avg_latency,reward,execution_time
835,3.08,52.7338,-8.0,6.93
episode,avg_pods,avg_latency,reward,execution_time
836,6.08,17.592,17.0,7.07
episode,avg_pods,avg_latency,reward,execution_time
837,7.6,101.0257,-12.0,6.98
episode,avg_pods,avg_latency,reward,execution_time
838,8.56,7.2182,3.0,6.73
episode,avg_pods,avg_latency,reward,execution_time
839,4.68,17.5815,-13.0,7.34
episode,avg_pods,avg_latency,reward,execution_time
840,3.44,52.7557,12.0,8.0
episode,avg_pods,avg_latency,reward,execution_time
841,4.28,26.377,21.0,6.97
episode,avg_pods,avg_latency,reward,execution_time
842,3.0,43.9554,27.0,6.45
episode,avg_pods,avg_latency,reward,execution_time
843,3.56,8.8189,19.0,6.76
episode,avg_pods,avg_latency,reward,execution_time
844,3.6,17.6716,34.0,7.2
episode,avg_pods,avg_latency,reward,execution_time
845,4.4,19.3729,10.0,8.17
episode,avg_pods,avg_latency,reward,execution_time
846,9.36,32237.0944,0.0,7.04
episode,avg_pods,avg_latency,reward,execution_time
847,3.28,0.0185,2.0,6.61
episode,avg_pods,avg_latency,reward,execution_time
848,4.16,61.5003,26.0,7.0
episode,avg_pods,avg_latency,reward,execution_time
849,5.72,5.2871,-76.0,7.42
episode,avg_pods,avg_latency,reward,execution_time
850,4.2,35.2462,31.0,7.62
episode,avg_pods,avg_latency,reward,execution_time
851,8.08,359813.8216,-39.0,7.4
episode,avg_pods,avg_latency,reward,execution_time
852,4.48,17.5936,11.0,7.21
episode,avg_pods,avg_latency,reward,execution_time
853,3.44,359721.29,13.0,6.85
episode,avg_pods,avg_latency,reward,execution_time
854,4.04,17.5988,14.0,7.21
episode,avg_pods,avg_latency,reward,execution_time
855,4.04,73.2753,17.0,7.59
episode,avg_pods,avg_latency,reward,execution_time
856,3.2,79.087,36.0,6.97
episode,avg_pods,avg_latency,reward,execution_time
857,4.92,430360.0695,-3.0,7.08
episode,avg_pods,avg_latency,reward,execution_time
858,6.6,1198.4391,4.0,6.88
episode,avg_pods,avg_latency,reward,execution_time
859,6.56,359805.2196,2.0,6.77
episode,avg_pods,avg_latency,reward,execution_time
860,5.16,2073.2356,2.0,6.77
episode,avg_pods,avg_latency,reward,execution_time
861,8.72,289832.7787,-2.0,7.32
episode,avg_pods,avg_latency,reward,execution_time
862,5.52,0.0691,38.0,8.24
episode,avg_pods,avg_latency,reward,execution_time
863,9.84,120040.7156,-8.0,6.91
episode,avg_pods,avg_latency,reward,execution_time
864,7.32,120013.8745,-15.0,7.57
episode,avg_pods,avg_latency,reward,execution_time
865,9.04,33880.0642,-6.0,7.4
episode,avg_pods,avg_latency,reward,execution_time
866,5.0,1.7576,27.0,6.99
episode,avg_pods,avg_latency,reward,execution_time
867,3.56,61.7048,33.0,7.54
episode,avg_pods,avg_latency,reward,execution_time
868,10.88,0.0188,-13.0,7.04
episode,avg_pods,avg_latency,reward,execution_time
869,6.04,47.6181,8.0,7.22
episode,avg_pods,avg_latency,reward,execution_time
870,3.52,28.1317,25.0,7.48
episode,avg_pods,avg_latency,reward,execution_time
871,7.28,2.7185,-2.0,7.37
episode,avg_pods,avg_latency,reward,execution_time
872,6.04,359852.2371,4.0,6.98
episode,avg_pods,avg_latency,reward,execution_time
873,3.4,47.4945,23.0,7.01
episode,avg_pods,avg_latency,reward,execution_time
874,3.68,26.4101,25.0,7.35
episode,avg_pods,avg_latency,reward,execution_time
875,6.48,4.6764,8.0,7.0
episode,avg_pods,avg_latency,reward,execution_time
876,2.92,26.3798,26.0,7.06
episode,avg_pods,avg_latency,reward,execution_time
877,3.84,35.1938,17.0,7.2
episode,avg_pods,avg_latency,reward,execution_time
878,3.36,52.7486,26.0,7.47
episode,avg_pods,avg_latency,reward,execution_time
879,3.68,17.6366,25.0,7.79
episode,avg_pods,avg_latency,reward,execution_time
880,3.24,26.5372,26.0,7.51
episode,avg_pods,avg_latency,reward,execution_time
881,3.4,43.9999,24.0,7.63
episode,avg_pods,avg_latency,reward,execution_time
882,5.68,360856.7968,4.0,7.22
episode,avg_pods,avg_latency,reward,execution_time
883,7.12,79.1483,7.0,6.89
episode,avg_pods,avg_latency,reward,execution_time
884,2.96,17.6185,23.0,7.48
episode,avg_pods,avg_latency,reward,execution_time
885,10.52,418731.5726,4.0,7.19
episode,avg_pods,avg_latency,reward,execution_time
886,2.96,35.2387,17.0,7.08
episode,avg_pods,avg_latency,reward,execution_time
887,8.08,0.0417,4.0,7.13
episode,avg_pods,avg_latency,reward,execution_time
888,6.6,1.6936,-13.0,7.08
episode,avg_pods,avg_latency,reward,execution_time
889,3.8,26.4227,17.0,7.22
episode,avg_pods,avg_latency,reward,execution_time
890,3.24,17.6246,21.0,7.14
episode,avg_pods,avg_latency,reward,execution_time
891,3.32,52.863,28.0,7.42
episode,avg_pods,avg_latency,reward,execution_time
892,6.16,4.8822,11.0,7.22
episode,avg_pods,avg_latency,reward,execution_time
893,3.32,0.0565,23.0,7.25
episode,avg_pods,avg_latency,reward,execution_time
894,8.04,0.5806,-10.0,7.34
episode,avg_pods,avg_latency,reward,execution_time
895,6.44,3.8014,9.0,7.13
episode,avg_pods,avg_latency,reward,execution_time
896,5.88,5.0591,11.0,7.16
episode,avg_pods,avg_latency,reward,execution_time
897,7.92,0.0213,10.0,6.94
episode,avg_pods,avg_latency,reward,execution_time
898,3.76,2.4959,4.0,6.99
episode,avg_pods,avg_latency,reward,execution_time
899,3.76,0.8942,9.0,7.02
episode,avg_pods,avg_latency,reward,execution_time
900,2.88,26.4083,11.0,7.13
episode,avg_pods,avg_latency,reward,execution_time
901,3.2,26.3972,28.0,7.05
episode,avg_pods,avg_latency,reward,execution_time
902,3.28,35.1644,28.0,7.39
episode,avg_pods,avg_latency,reward,execution_time
903,3.04,35.1704,19.0,7.03
episode,avg_pods,avg_latency,reward,execution_time
904,3.32,26.3867,29.0,6.94
episode,avg_pods,avg_latency,reward,execution_time
905,3.24,35.1801,28.0,7.22
episode,avg_pods,avg_latency,reward,execution_time
906,7.08,3.8103,7.0,7.3
episode,avg_pods,avg_latency,reward,execution_time
907,3.6,36.95,25.0,7.36
episode,avg_pods,avg_latency,reward,execution_time
908,2.92,26.4024,29.0,7.16
episode,avg_pods,avg_latency,reward,execution_time
909,2.8,17.6242,18.0,7.16
episode,avg_pods,avg_latency,reward,execution_time
910,3.52,26.565,29.0,7.52
episode,avg_pods,avg_latency,reward,execution_time
911,3.12,26.433,25.0,7.29
episode,avg_pods,avg_latency,reward,execution_time
912,3.36,35.2678,31.0,7.5
episode,avg_pods,avg_latency,reward,execution_time
913,3.32,70.3219,21.0,7.14
episode,avg_pods,avg_latency,reward,execution_time
914,6.24,4.8824,10.0,7.35
episode,avg_pods,avg_latency,reward,execution_time
915,7.24,3.0558,5.0,7.17
episode,avg_pods,avg_latency,reward,execution_time
916,3.28,10.6032,24.0,7.22
episode,avg_pods,avg_latency,reward,execution_time
917,7.96,0.0094,4.0,7.12
episode,avg_pods,avg_latency,reward,execution_time
918,2.92,26.3967,17.0,7.13
episode,avg_pods,avg_latency,reward,execution_time
919,8.04,0.0555,-6.0,7.22
episode,avg_pods,avg_latency,reward,execution_time
920,2.92,35.2002,23.0,7.34
episode,avg_pods,avg_latency,reward,execution_time
921,5.44,7.0431,8.0,7.34
episode,avg_pods,avg_latency,reward,execution_time
922,3.32,26.3916,20.0,7.13
episode,avg_pods,avg_latency,reward,execution_time
923,6.04,5.4231,10.0,7.54
episode,avg_pods,avg_latency,reward,execution_time
924,3.08,35.3819,21.0,7.04
episode,avg_pods,avg_latency,reward,execution_time
925,2.68,8.8863,16.0,7.06
episode,avg_pods,avg_latency,reward,execution_time
926,3.2,26.5752,22.0,7.51
episode,avg_pods,avg_latency,reward,execution_time
927,8.8,64473.4659,-1.0,7.31
episode,avg_pods,avg_latency,reward,execution_time
928,2.96,17.637,19.0,7.29
episode,avg_pods,avg_latency,reward,execution_time
929,3.0,8.8584,14.0,7.37
episode,avg_pods,avg_latency,reward,execution_time
930,9.44,0.0876,-10.0,7.23
episode,avg_pods,avg_latency,reward,execution_time
931,3.44,19.3831,25.0,7.29
episode,avg_pods,avg_latency,reward,execution_time
932,3.16,26.4144,26.0,7.43
episode,avg_pods,avg_latency,reward,execution_time
933,11.24,843.777,-3.0,7.48
episode,avg_pods,avg_latency,reward,execution_time
934,7.48,1.6913,3.0,7.5
episode,avg_pods,avg_latency,reward,execution_time
935,2.88,8.8635,13.0,7.28
episode,avg_pods,avg_latency,reward,execution_time
936,8.12,0.0717,-6.0,7.39
episode,avg_pods,avg_latency,reward,execution_time
937,3.2,35.2211,26.0,7.48
episode,avg_pods,avg_latency,reward,execution_time
938,3.44,28.132,33.0,7.35
episode,avg_pods,avg_latency,reward,execution_time
939,8.48,1192.463,-7.0,7.48
episode,avg_pods,avg_latency,reward,execution_time
940,8.48,11.7859,0.0,7.63
episode,avg_pods,avg_latency,reward,execution_time
941,7.08,2.7804,6.0,7.63
episode,avg_pods,avg_latency,reward,execution_time
942,6.6,3.8038,7.0,7.45
episode,avg_pods,avg_latency,reward,execution_time
943,3.2,26.4036,24.0,7.3
episode,avg_pods,avg_latency,reward,execution_time
944,3.16,61.6288,33.0,7.72
episode,avg_pods,avg_latency,reward,execution_time
945,7.8,0.5708,2.0,7.4
episode,avg_pods,avg_latency,reward,execution_time
946,7.16,2.969,7.0,7.38
episode,avg_pods,avg_latency,reward,execution_time
947,3.2,70.3272,20.0,7.5
episode,avg_pods,avg_latency,reward,execution_time
948,6.04,239806.9874,17.0,7.7
episode,avg_pods,avg_latency,reward,execution_time
949,3.28,43.9658,24.0,7.78
episode,avg_pods,avg_latency,reward,execution_time
950,8.6,2.618,8.0,7.63
episode,avg_pods,avg_latency,reward,execution_time
951,3.0,35.3222,22.0,7.7
episode,avg_pods,avg_latency,reward,execution_time
952,3.4,26.6025,27.0,7.76
episode,avg_pods,avg_latency,reward,execution_time
953,8.36,38.5173,-12.0,7.6
episode,avg_pods,avg_latency,reward,execution_time
954,8.04,32236.738,8.0,7.78
episode,avg_pods,avg_latency,reward,execution_time
955,3.88,10.5992,17.0,7.72
episode,avg_pods,avg_latency,reward,execution_time
956,3.28,35.2719,21.0,7.48
episode,avg_pods,avg_latency,reward,execution_time
957,12.72,119081.9739,-1.0,7.63
episode,avg_pods,avg_latency,reward,execution_time
958,3.16,52.7545,25.0,7.43
episode,avg_pods,avg_latency,reward,execution_time
959,3.6,17.6029,28.0,7.75
episode,avg_pods,avg_latency,reward,execution_time
960,3.56,9.1222,18.0,7.69
episode,avg_pods,avg_latency,reward,execution_time
961,4.36,339244.1539,20.0,8.09
episode,avg_pods,avg_latency,reward,execution_time
962,4.68,8.9064,20.0,7.96
episode,avg_pods,avg_latency,reward,execution_time
963,5.8,5.9641,10.0,7.56
episode,avg_pods,avg_latency,reward,execution_time
964,3.44,70.3008,29.0,7.64
episode,avg_pods,avg_latency,reward,execution_time
965,3.36,26.4097,24.0,7.76
episode,avg_pods,avg_latency,reward,execution_time
966,3.16,26.3917,26.0,7.11
episode,avg_pods,avg_latency,reward,execution_time
967,3.24,35.2439,21.0,7.61
episode,avg_pods,avg_latency,reward,execution_time
968,7.4,0.0144,-3.0,7.65
episode,avg_pods,avg_latency,reward,execution_time
969,2.96,52.7667,25.0,7.73
episode,avg_pods,avg_latency,reward,execution_time
970,3.64,120059.34,27.0,7.6
episode,avg_pods,avg_latency,reward,execution_time
971,3.24,26.4891,21.0,7.86
episode,avg_pods,avg_latency,reward,execution_time
972,3.08,35.5793,20.0,7.82
episode,avg_pods,avg_latency,reward,execution_time
973,7.32,1.654,3.0,7.78
episode,avg_pods,avg_latency,reward,execution_time
974,3.16,52.7596,27.0,7.67
episode,avg_pods,avg_latency,reward,execution_time
975,10.0,67768.4907,1.0,7.75
episode,avg_pods,avg_latency,reward,execution_time
976,3.2,43.9543,31.0,7.78
episode,avg_pods,avg_latency,reward,execution_time
977,3.04,38.1118,24.0,7.68
episode,avg_pods,avg_latency,reward,execution_time
978,8.72,0.296,1.0,8.08
episode,avg_pods,avg_latency,reward,execution_time
979,10.08,2.4655,-4.0,7.81
episode,avg_pods,avg_latency,reward,execution_time
980,3.0,8.8631,18.0,7.69
episode,avg_pods,avg_latency,reward,execution_time
981,7.0,1.6349,5.0,7.87
episode,avg_pods,avg_latency,reward,execution_time
982,8.8,39.3546,0.0,8.09
episode,avg_pods,avg_latency,reward,execution_time
983,4.96,0.8482,16.0,9.51
episode,avg_pods,avg_latency,reward,execution_time
984,3.52,0.0215,14.0,7.7
episode,avg_pods,avg_latency,reward,execution_time
985,3.32,35.2846,29.0,7.97
episode,avg_pods,avg_latency,reward,execution_time
986,8.24,11.5388,2.0,8.06
episode,avg_pods,avg_latency,reward,execution_time
987,3.32,43.9714,19.0,7.41
episode,avg_pods,avg_latency,reward,execution_time
988,6.76,2.7744,5.0,7.67
episode,avg_pods,avg_latency,reward,execution_time
989,6.8,41.8168,8.0,7.88
episode,avg_pods,avg_latency,reward,execution_time
990,3.32,17.5919,26.0,8.07
episode,avg_pods,avg_latency,reward,execution_time
991,8.08,0.071,-7.0,7.69
episode,avg_pods,avg_latency,reward,execution_time
992,4.36,2.9199,17.0,7.76
episode,avg_pods,avg_latency,reward,execution_time
993,10.04,119083.7708,8.0,7.76
episode,avg_pods,avg_latency,reward,execution_time
994,3.16,87.8665,33.0,7.99
episode,avg_pods,avg_latency,reward,execution_time
995,7.16,3.8006,-4.0,8.2
episode,avg_pods,avg_latency,reward,execution_time
996,3.56,28.2507,27.0,7.97
episode,avg_pods,avg_latency,reward,execution_time
997,6.48,5.1618,6.0,8.03
episode,avg_pods,avg_latency,reward,execution_time
998,4.2,17.6288,22.0,7.95
episode,avg_pods,avg_latency,reward,execution_time
999,3.12,43.9758,24.0,8.11
episode,avg_pods,avg_latency,reward,execution_time
1000,8.96,114.6681,0.0,8.45
